iter	Logloss
0	0.691056698
1	0.689491549
2	0.6878089562
3	0.6854934169
4	0.6832624845
5	0.6818424849
6	0.6792296323
7	0.6770611451
8	0.6761358395

